task,valid_rate_2000,valid_rate_4000,delta_2000_minus_4000
failure_recovery,0.7333333333333333,0.8,-0.06666666666666676
long_horizon_durability,0.8333333333333334,0.8333333333333334,0.0
multitask_benchmark,0.6666666666666666,0.7222222222222222,-0.05555555555555558
