task,valid_rate_2000,valid_rate_4000,delta_2000_minus_4000
failure_recovery,0.8,1.0,-0.19999999999999996
long_horizon_durability,0.8666666666666667,0.8333333333333334,0.033333333333333326
multitask_benchmark,0.7222222222222222,0.6666666666666666,0.05555555555555558
